{
    "SUCCESS": "Success",
    "USER_NOT_FOUND": "User not found.",
    "IMAGE_NOT_FOUND": "No Image Url Found",
    "CUSTOMER_NOT_FOUND": "Please fill account details first.",
    "TOKEN_NOT_PROVIDED": "You are not authorized to excess this path.Please provide autherization token.",
    "INVALID_TOKEN": "Provided token is invalid",
    "USER_CREATED_SUCCESSFULLY": "Account has been created sucessfully",
    "ORDER_CREATED_SUCCESSFULLY": "Order has been created sucessfully",
    "BAG_CREATED_SUCCESSFULLY": "Bag has been created sucessfully",
    "LOGIN_SUCCESSFULLY": "You are successfully login.",
    "ORDER_ADDED_SUCCESSFULLY": "Order Added to bag successfully",
    "DB_ERROR": "Something went wrong.",
    "DUPLICATE": "Duplicate entry.",
    "BAG_NOT_FOUND": "The bag not found",
    "ORDER_NOT_FOUND": "The order with given id not found",
    "AWS_ALREADY_EXIST": "The order with given AWS no. already exists",
    "ORDERDATA_NOT_FOUND": "Order not found",
    "ITEM_REMOVED_SUCCESSFULLY": "Item from bag removed sucessfully",
    "EMAIL_ALREADY_EXISTS": "This user is already registered with us",
    "ORDER_ALREADY_EXISTS": "This given order already exists",
    "BAG_ALREADY_EXISTS": "This given bag already exists",
    "STATUS_CHANGED_SUCCESSFULLY": "Bag status changed successfully from open to close",
    "USER_ALREADY_EXISTS": "This user is already registered with same bank account details",
    "APP_ERROR": "Application error occurred.",
    "INVALID_OBJECT_ID": "Invalid ID provided.",
    "DEFAULT": "Something went wrong.",
    "INVALID_CREDENTIALS": "Incorrect credentials.",
    "FAILED": "Failed",
    "USER_BLOCKED": "You are blocked from accessing Analytixlabs.Please contact your administrator",
    "USER_EMAIL_NOT_VERIFIED": "Email address is not verified. Please verify your email before login.",
    "AWSNO_ALREADY_EXIST": "AWS number is already attached to this order",
    "ACCOUNT_ALREADY_VERIFIED": "Given Bank Account has already been verified.",
    "ACCOUNT_NOT_FOUND": "Destination user has no stripe account",
    "NOT_ENOUGH_USERS": "You don't have any reciever",
    "PLEASE_VERIFY_ACCOUNT": "Your Account Has Not Been Verified",
    "NO_TRANSFER_CREATED": "No money has been tranferred.",
    "TRANSFER_REQUEST_NOT_FOUND": "Transfer Request not found.",
    "TRANSFER_REQUEST_REJECTED_SUCESSFULLY": "Transfer Request has been rejected sucessfully.",
    "TRANSFER_REQUEST_ACCEPTED": "Transfer Request has been accepted",
    "ALREADYEXIST": "Already Exists",
    "TOKEN_NOT_FOUND": "Token No Found",
    "DATA_NOT_FOUND": "Data Not Found",
    "CODE_NOT_FOUND": "CODE Not Found",
    "SESSION_EXPIRED": "SESSION EXPIRED",
    "INVALID_OTP":"INVALID OTP",
    "PUSH_NOTIFICATION":"Notifications Send Sucessfully",
    "PASSWORD_CHANGE_SUCCESS":"PASSWORD_CHANGE_SUCCESS",
    "OTP_SUCCESS":"OTP Match Sucessfully",
    "NO_FILES_UPLOAD":"NO FILE UPLOAD"
    
}